epoch,steps,accuracy_cosine
0.2014098690835851,400,0.8371211886405945
